company,ceo2015,ceo_comp,id,median_comp,overall_2014,ratio,size,profits
3M,Inge G. Thulin,20115589,446,84130,3.7,239,89446,4833
Abbott Labs,Miles D. White,17732241,12,101178,3.5,175,74000,4423
AbbVie,Richard A. Gonzalez,22006271,649837,104366,3.6,211,28000,5144
Accenture,Pierre Nanterme,15925463,4138,89848,3.6,177,358000,3054
ACE Group,Evan G. Greenberg,19678174,382053,64395,3.1,306,631,
ADM,Patricia Woertz,17022941,55,61130,3.3,278,32300,1849
Adobe,Shantanu Narayen,17890918,1090,133322,4,134,13893,630
ADP,Carlos A. Rodriguez,8237147,64,75511,3.5,109,55000,1453
ADT Security Services,Naren K. Gursahaney,5465388,13956,51050,2.5,107,,
Advance Auto Parts,Darren R. Jackson,4303711,8708,35699,2.9,121,40000,473
AEP,Nicholas K. Akins,11373520,34,78590,3.7,145,17405,2047
AES Corporation,Andrs Ricardo Gluski Weilert,8403245,291,115000,4,73,21000,306
Aetna,Mark T. Bertolini,15067322,16,67873,3.3,222,50100,2390
Aflac,Daniel P. Amos,15477348,1302,45723,3.3,339,9915,2533
Agilent Technologies,William P. Sullivan,13914733,9711,107268,3.5,130,12200,401
AIG,Robert Herman Benmosche,11433372,40,85216,3,134,66400,2196
Aimco Apartment Homes,"Terry Considine, J.D.",4284430,24024,57978,4,74,1591,249
Air Products,Seifi Ghasemi,10189713,17,89015,3.5,114,19400,1278
Airgas,Michael L. Molinini,4302807,18,55580,2.6,77,17000,338
Akamai,F. Thomson Leighton,7499987,9219,129603,4,58,6084,321
Alcoa,Klaus-Christian Kleinfeld,18158522,29,70158,3.2,259,60000,-322
Allergan,David E. I. Pyott,17785957,27,105237,3.5,169,,
Alliance Data,Edward J. Heffernan,8727450,11421,60601,3.4,144,16000,552
Allstate,Thomas J. Wilson,15641385,2341,56155,3.4,279,41100,2171
Altera,John P. Daane,7248710,1112,141035,3.4,51,3091,473
Altria,Martin J. Barrington,12320990,528,79572,3.7,155,8800,5241
Amazon.com,Jeffrey P. Bezos,1681840,6036,114352,3.4,15,230800,596
Ameren,"Warner L. Baxter, CPA",4958397,690,74000,3.7,67,8527,630
American Airlines,W. Douglas Parker,12301976,8,54800,3.4,224,118500,700
American Express,K.I. Chenault,22796083,35,108598,3.7,210,54800,5163
American Tower,"James D. Taiclet, Jr.",12704773,8043,67879,3,187,3371,685
Ameriprise,James M. Cracchiolo,24455192,15316,58902,3.4,415,13000,1562
AmerisourceBergen,Steven H. Collis,9902985,2703,59462,3.2,167,16500,-135
AMETEK,Frank S. Hermance,7109240,7,70814,2.8,100,15400,591
Amgen,Robert A. Bradway,13961667,1130,121202,3.5,115,17900,6939
Anadarko Petroleum,R. A. Walker,20720187,48,110626,4.4,187,5800,-6692
Analog Devices,Vincent T. Roche,6090567,49,103127,3.7,59,9700,697
Anthem,Joseph R. Swedish,13532549,925157,74000,3.4,183,53000,2560
Aon,Gregory C. Case,13991640,53,70127,3.4,200,,
Apache,G. Steven Farris,10214172,54,101559,3.3,101,3860,-23119
Apple,Timothy D. Cook,9222638,1138,36760,4,251,110000,53394
Applied Materials,Gary E. Dickerson,16425005,1139,117550,3.5,140,14600,1377
Assurant,Robert B. Pollock,11903533,13793,46961,3.2,253,16700,142
AT&T,Randall L. Stephenson,23984315,613,67302,3.3,356,280870,13345
Autodesk,Carl Bass,8297290,1155,130149,3.9,64,9500,-331
AutoNation,Mike Jackson,10606596,2593,52103,3.2,204,26000,443
AutoZone,"William C. Rhodes, III",5320741,610,24900,2.9,214,46980,1160
Avago Technologies,Hock E. Tan,17202596,40386,122285,2.5,141,,1364
AvalonBay,Tim Naughton,7427676,2616,54491,4,136,2981,742
Avery Dennison,Dean A. Scarborough,12013019,65,81680,3.2,147,25000,274
Baker Hughes,Martin S. Craighead,14709830,72,86844,3.5,169,39000,-1967
Bank of America,Brian T. Moynihan,15342399,8874,52923,3.3,290,213000,15888
Bard,Timothy M. Ring,10840935,116,82638,3.6,131,14900,135
Baxter,"Robert L. Parkinson, Jr.,",15304702,83,82479,3.4,186,50000,968
BB&T,Kelly S. King,14118763,1893,45002,3.2,314,37200,2084
BD,"Vincent A. Forlenza, BD",10983518,88,95000,3.2,116,49517,695
Bed Bath & Beyond,Steven H. Temares,19116040,1961,26047,2.9,734,62000,841
Best Buy,Hubert Joly,13881219,97,25160,3.4,552,125000,897
Biogen Idec,George A. Scangos,18631369,1336,118325,3.7,157,7350,3547
BlackRock,Laurence D. Fink,23862458,9331,124361,3.6,192,13000,3345
BNY Mellon,Gerald L. Hassell,11659528,78,56500,2.8,206,52100,3158
Boeing,"W. James McNerney, Jr.",28861920,102,84974,3.5,340,161400,5176
BorgWarner,James R. Verrier,10005230,1652,70015,3.7,143,30000,610
Boston Scientific,Michael F. Mahoney,10527884,2187,95860,3.6,110,25000,-239
Bristol-Myers Squibb,Lamberto Andreotti,27062382,107,123310,3.7,219,25000,1565
Broadcom,Scott A. McGregor,16451411,6926,145084,3.5,113,10650,652
Brown-Forman,Paul C. Varga,12259150,797,96468,4.2,127,4600,1067
C.H. Robinson Worldwide,John P. Wiehoff,5029488,7124,46634,3.1,108,13159,510
CA Technologies,Michael P. Gregoire,8344222,167,122520,3.2,68,11000,783
Cablevision Systems,James L. Dolan,23702403,802,56155,3.3,422,12920,175
Cameron,Jack B. Moore,10264287,4403,75883,3.5,135,23000,501
Campbell Soup Company,Denise M. Morrison,9687089,129,102495,3.4,95,18600,691
Capital One,Richard D. Fairbank,19606474,3736,83117,3.6,236,45800,4050
Cardinal Health,George S. Barrett,12448618,1227,67360,3.4,185,34500,1215
CarMax,Thomas J. Folliard,9043334,6561,44792,3.5,202,22429,623
Carnival Corporation,Arnold W. Donald,8730512,806,42413,3.5,206,92200,1757
Caterpillar,Douglas R. Oberhelman,17131448,137,86844,3.6,197,105700,2102
CBRE,Robert E. Sulentic,6367953,465818,63012,3.7,101,70000,547
CBS Corp,Leslie Moonves,57175645,1053,66365,3.5,862,16260,1413
Celgene,Robert J. Hugin,24236113,1235,117517,3.7,206,6971,1602
CenterPoint Energy,Scott M. Prochazka,4897291,338,68000,3.7,72,7505,-692
CenturyLink,"Glen F. Post, III",13131448,248324,74615,2.9,176,43000,878
Cerner,Neal L. Patterson,6599410,1242,65000,3.6,102,22200,539
Charles Schwab,Walter W. Bettinger II,11841179,144,71619,3.4,165,15600,1447
Chesapeake Energy,Robert D. Lawler,14677377,906,82297,3.7,178,4400,-14685
Chevron,J.S. Watson,25970417,13524,110000,4.1,236,61500,4587
Chipotle,Steve Ells,28924270,15228,19000,3.4,1522,59330,476
Chubb Corp,John D. Finnegan,17841294,150,74805,3.8,239,22000,2834
Cigna,David M. Cordani,14461445,119,66365,3.3,218,39300,2094
Cintas,Scott D. Farmer,4700884,1256,52222,3.3,90,32000,431
Cisco Systems,John T. Chambers,16488184,1425,138861,3.7,119,70000,8981
Citi,Michael L. Corbat,14457199,8843,99666,3.3,145,225000,17242
Citrix Systems,Mark B. Templeton,7883614,5432,113997,3.6,69,9500,319
Clorox,Donald R. Knauss,8949886,158,110064,3.8,81,7700,580
CME Group,Phupinder S. Gill,5368575,7796,105163,3.5,51,2530,1247
Coach,Victor Luis,6679113,12070,34771,3.6,192,15800,402
Coca-Cola Company,Muhtar Kent,25224422,161,54804,3.3,460,123200,7351
"Coca-Cola Enterprises, Inc.","John Franklin Brock, III",11267498,36955,49008,3.1,230,123200,7351
Cognizant Technology Solutions,Frank D'Souza,11333063,8014,85000,3.5,133,221700,1624
Colgate-Palmolive,Ian Cook,14531582,162,105472,3.8,138,37900,1384
Comcast,Brian L. Roberts,32961056,1280,59745,3.2,552,153000,8163
Comerica,"Ralph W. Babb, Jr.",11311926,1281,51025,3.3,222,8533,521
Computer Sciences Corp,J. Michael Lawrie,13267195,169,87476,2.6,152,59000,251
Con Edison,John McAvoy,9685688,174,97700,2.9,99,14806,1193
ConAgra Foods,Gary Rodkin,9130934,172,73579,3,124,32900,-253
ConocoPhillips,R.M. Lance,27575900,14933,103296,3.8,267,15600,-4428
CONSOL Energy,Nicholas J. DeIuliis,8326097,2751,78004,2.5,107,3114,-375
Constellation Brands,Robert Sands,10410261,805,100530,3.6,104,9000,1055
Corning,Wendell P. Weeks,13034461,183,85882,3.8,152,35700,1339
Costco Wholesale,W. Craig Jelinek,5622927,2590,30555,3.9,184,117000,2377
Crown Castle,W. Benjamin Moreland,8412742,8416,68397,4.1,123,2700,1521
CSX,Michael J. Ward,10068089,124,66161,3.5,152,29000,1968
Cummins,N. T. Linebarger,14784555,187,79442,3.9,186,55200,1399
CVS Health,Larry J. Merlo,32350733,437,27139,2.7,1192,155000,5237
D.R. Horton,Donald J. Tomnitz,9306748,2195,58000,2.8,160,6230,751
Danaher,"H. Lawrence Culp, Jr.",13704222,193,86898,2.9,158,81000,3357
Darden,"Clarence Otis, Jr.",6980147,4160,38360,3.5,182,148892,710
DaVita,Kent J. Thiry,13791023,5367,61000,3.1,226,60400,270
Delphi,Rodney O'Neal,14874930,8611,91618,3.3,162,139000,1450
Delta Air Lines,Richard H. Anderson,17589867,197,54804,4,321,83817,4526
DENTSPLY International,Bret W. Wise,6052469,1438,83722,2.7,72,11400,251
Devon Energy,John Richels,21611030,839,82905,3.8,261,6600,-14454
Discover,David W. Nelms,8671740,13990,77596,3.7,112,15036,2297
Discovery Communications,David M. Zaslav,156077912,4220,80000,3.8,1951,7000,1034
Dollar General,"Richard W. Dreiling,",9764152,1342,32683,2.8,299,113400,295
Dollar Tree,Bob Sasser,7814488,4033,22890,2.8,341,55300,282
Dominion Resources,"Thomas F. Farrell, II",20612945,204,85943,3.8,240,14700,1899
Dow Chemical,Andrew Liveris,19507233,207,96614,3.7,202,49495,7685
Dr Pepper Snapple Group,Larry D. Young,9671181,13335,50867,3.1,190,19000,764
DTE Energy,Gerard M. Anderson,12604355,199,80103,3.9,157,10000,727
Duke Energy,Lynn J. Good,8305351,211,78259,3.6,106,29188,2816
Dun & Bradstreet,Robert P. Carrigan,4198663,213,114440,3.4,37,5000,169
DuPont,Ellen J. Kullman,14330612,215,86949,3.5,165,52000,1953
E*TRADE Financial,Paul T. Idzik,5258458,6005,70561,2.9,75,3400,268
Eastman Chemical,Mark J. Costa,7851406,2452,83722,4.5,94,15000,848
Eaton,Alexander M. Cutler,16747752,221,80331,3.5,208,,
eBay,"John J. Donahoe, II",14050057,7853,132220,3.6,106,11600,1725
Ecolab,"Douglas M. Baker, Jr.",15456822,222,62208,3.3,248,47000,1002
Edwards Lifesciences,Michael A. Mussallem,8616570,11809,95528,3.1,90,9800,495
Electronic Arts,ANDREW WILSON,13975381,1628,100937,3.6,138,8500,1156
Eli Lilly,"John C. Lechleiter, Ph.D.",14481142,223,104142,3.8,139,41275,440
EMC,Joseph M. Tucci,11203318,219,116674,3.7,96,72000,1990
Emerson,David N. Farr,9509258,225,79211,3.5,120,110800,2710
Endo Pharmaceuticals,Rajiv De Silva,22071596,11705,115588,2.8,191,,
Entergy,Leo P. Denault,11824034,231,77991,3.2,152,13579,-157
EOG,William R. Thomas,10548457,1467,95924,3.7,110,2760,4525
Equifax,Richard F. Smith,13879675,232,90324,3.5,154,8000,429
Equinix,Stephen Smith,11513031,11296,145084,3.6,79,5042,188
Equity Residential,David J. Neithercut,8139683,3635,58646,3.5,139,3500,870
Essex Property Trust,Michael J. Schall,2764573,3630,60000,2.9,46,1806,232
Estee Lauder Companies,Fabrizio Freda,15562714,2785,74615,3.4,209,44000,1089
Exelon,Christopher M. Crane,14990830,526,92391,3.9,162,29762,2269
Expedia,Dara Khosrowshahi,9642406,9876,108555,4.1,89,18730,764
Expeditors,Jeffrey S. Musser,5080036,1381,55092,3.3,92,15397,457
Express Scripts,George Paz,12921006,2212,66398,2.4,195,,
ExxonMobil,R.W. Tillerson,33096312,237,108000,3.7,306,73500,16150
F5 Networks,John McAdam,8143742,9222,138403,4.2,59,4178,365
Facebook,Mark Zuckerberg,610455,40772,146120,4.4,4,13598,3688
Fastenal,Willard D. Oberton,1468943,1391,35834,2.9,41,19218,516
FedEx,Frederick W. Smith,14151977,246,59020,3.8,240,114000,1820
Fifth Third,Kevin T. Kabat,7427396,1395,45945,3.2,162,18261,1712
First Solar,James A. Hughes,3776136,41703,102693,3.8,37,6350,547
FirstEnergy,Anthony J. Alexander,15563530,493,71140,3.1,219,15781,578
FIS,Frank R. Martire,8845000,313114,75850,3,117,55000,632
Fiserv,Jeffery W.Yabuki,8275917,1384,76575,2.9,108,22000,712
FLIR,Andrew C. Teich,4616007,2559,94063,3.7,49,3003,242
Flowserve,Mark A. Blinn,7660592,1350,74235,3.2,103,19000,268
Fluor,David T. Seaton,12011493,262,86339,3.8,139,38758,413
FMC,Pierre R. Brondeau,5117145,239,89500,2.8,57,6000,489
FMC Technologies,John T. Gremp,13892357,13228,84149,3.2,165,17400,393
Ford Motor Company,Mark Fields,18596497,263,90050,3.7,207,199000,7373
Fossil,Kosta N. Kartsotis,0,2319,32570,3.4,0,15100,221
Franklin Templeton Investments,Gregory Eugene Johnson,15904296,240744,70449,3.8,226,9200,2035
Freeport-McMoRan Copper & Gold,Richard C. Adkerson,10123035,266,74154,3.9,137,34500,-12236
Frontier Communications,Mary Agnes Wilderotter,9158907,131305,65500,3,140,20400,-196
GameStop,J. Paul Raines,8604576,1162,24880,3.1,346,20000,403
Gap,Glenn Murphy,16064312,114118,22800,3.6,705,141000,920
Garmin,Clifton A. Pemble,1716612,12667,72491,3.8,24,11561,456
GE,Jeffrey R. Immelt,37250774,277,89186,3.8,418,333000,-6133
General Dynamics,Phebe N. Novakovic,19388084,276,86404,3.4,224,99900,2965
General Growth Properties,Sandeep Lakhmi Mathrani,4892039,2317,76622,3.4,64,1700,1375
General Mills,Kendall J. Powell,11604484,278,83273,3.5,139,42000,1221
General Motors,Mary T. Barra,16162828,279,93165,3.5,173,215000,9687
Genuine Parts,Thomas C. Gallagher,10130811,282,59131,3,171,39600,706
Genworth Financial,Thomas J. McInerney,2696365,34925,77128,3.3,35,4100,560
Gilead Sciences,John C. Martin,18957994,2016,119176,3,159,8000,18108
Goldman Sachs,Lloyd C. Blankfein,22162912,2800,107205,3.8,207,36500,6083
Goodyear,Richard J. Kramer,17853097,292,61260,3.4,291,66000,307
Google,Larry Page,1,9079,153150,4.4,0.000007,64115,16348
H&R Block,William C. Cobb,7485383,303,35488,3.6,211,2400,374
Halliburton,David J. Lesar,20560157,307,79045,3.3,260,55000,-671
Hanesbrands,Richard A. Noll,11116508,13758,58000,3.3,192,65300,429
Harley-Davidson,Keith E. Wandell,9183690,314,80833,3,114,5700,752
HARMAN,Dinesh C. Paliwal,11965521,315,90263,3.3,133,24197,343
Harris,William M. Brown,7847382,317,80149,2.9,98,22300,334
Hasbro,Brian Goldner,14623112,890,77800,4.1,188,5000,452
Henry Schein,Stanley M. Bergman,6869691,5319,50000,3.3,137,19000,479
Hess Corporation,"Hess, John B.",22459530,30,75883,3.6,296,2770,-3056
Hewlett-Packard,Margaret C. Whitman,19612164,327,103632,3.3,189,287000,4554
Honeywell,"David M. Cote, J.D.",29142121,28,86785,3.2,336,129000,4768
Hormel,Jeffrey M. Ettinger,9662613,877,69464,3.6,139,21100,686
Hospira,F. Michael Ball,11897977,35009,78760,3,151,19000,333
Hospital Corporation of America,R. Milton Johnson,14625513,2062,61000,3.4,240,174000,2129
Humana,Bruce D. Broussard,10155401,340,60904,3.5,167,50100,1276
Huntington National Bank,Stephen D. Steinour,7498609,1496,48569,3,154,12386,693
IBM,Virginia M. Rometty,19345125,354,106184,3.2,182,377757,13190
Illinois Tool Works,E. Scott Santi,11999278,348,71182,2.9,169,48000,1899
Ingersoll Rand,M. W. Lamach,19417506,349,74458,3.4,261,45000,665
Intel Corporation,Brian M. Krzanich,11197400,1519,113489,3.8,99,107300,11420
Intercontinental Exchange,Jeffrey C. Sprecher,10621045,13785,110000,2.7,97,5549,226
International Flavors & Fragrances,Douglas D. Tough,7433601,355,76909,3.3,97,6700,419
International Paper,John V. Faraci,16032223,356,67360,3.5,238,56000,938
Interpublic Group,Michael I. Roth,12899339,358,73553,3.5,175,49200,455
Intuit,Brad D. Smith,16548469,2293,126999,3.8,130,7700,365
Intuitive Surgical,Gary S. Guthart,2617963,8090,125073,3.8,21,3211,589
Invesco,Martin L. Flanagan,15622002,4518,66082,3.7,236,6552,968
Iron Mountain Inc,William L. Meaney,6840413,6774,78160,2.9,88,20000,122
J.B. Hunt,"John N. Roberts, III",4346470,1540,52106,3.4,83,21562,427
J.P. Morgan,James Dimon,27701709,145,65344,3.5,424,237420,24442
Jacobs,Craig L. Martin,5998350,913,81700,3.3,73,64000,303
John Deere,Samuel R. Allen,20273296,195,74573,3.8,272,57200,1940
Johnson & Johnson,Alex Gorsky,24989306,364,106821,3.9,234,127100,15409
Johnson Controls,Alex A. Molinaroli,19540681,365,77724,3.3,251,139000,-530
Joy Global,"Edward L. Doheny, II",4534634,316,68407,2.8,66,13400,-1178
Juniper Networks,Shaygan Kheradpir,30165992,7224,153624,3.6,196,9058,634
Kellogg Company,John A. Bryant,9258243,377,66946,3.2,138,33577,614
Keurig Green Mountain,Brian P. Kelley,7617180,4869,72542,3.1,105,6000,498
KeyBank,Beth E. Mooney,7124566,381,53148,3.1,134,13483,916
Kimberly-Clark,Thomas J. Falk,15395181,383,83737,3.6,184,43000,545
Kinder Morgan,Richard D. Kinder,1,4156,81916,3.4,0.000012,11290,253
KLA-Tencor,Richard P. Wallace,6889513,1557,116394,3.3,59,5880,366
Kohl's,Kevin Mansell,9668796,592,23210,3.2,417,32000,673
Kroger,W. Rodney McMullen,12987582,386,20420,3,636,431000,2039
L Brands,Leslie H. Wexner,24094036,656,61260,3.6,393,22900,1253
L-3 Communications,Michael T. Strianese,14765393,10080,81804,3.2,180,38000,-240
LabCorp,David P. King,10472562,1679,35970,2.9,291,50000,160
Lam Research,Martin B. Anstice,15009218,1582,109247,3.8,137,7300,143
Legg Mason,Joseph A. Sullivan,11548620,397,91734,3.6,126,3066,-25
Leggett & Platt,David S. Haffner,7242695,398,48354,3.4,150,20000,325
Lennar,Stuart A. Miller,17909543,400,63000,3,284,7749,803
Level 3 Communications,Jeff K. Storey,10850861,7705,96791,3.1,112,12500,3433
Lincoln Financial Group,Dennis R. Glass,12195333,403,54278,3.6,225,9312,1154
Linear Technology,Lothar Maier,6386772,1598,102429,3.8,62,4868,521
Lockheed Martin,Marillyn A. Hewson,33687442,404,85465,3.5,394,126000,3605
Lowe's,Robert A. Niblock,14279945,415,29720,3.4,480,180000,2546
LyondellBasell,James L. Gallogly,13192990,15015,113762,2.7,116,13000,4476
M&T Bank,Robert G. Wilmers,4223419,858,51816,3.2,82,16331,1080
Macerich,Arthur M. Coppola,14212869,3939,49780,3.4,286,997,488
Macy's,Terry J. Lundgren,16497220,1079,22800,3,724,157900,1072
Mallinckrodt Pharmaceuticals,Mark Christopher Trudeau,6502676,669747,96995,2.7,67,5700,325
Marathon Oil,Lee M. Tillman,11498067,8229,119176,3,96,2611,-2204
Marathon Petroleum,Gary R. Heminger,16401255,7657,80000,4,205,45440,2852
Marriott,Arne M. Sorenson,14892836,7790,30620,3.7,486,127500,859
Marsh & McLennan Companies,Daniel S. Glaser,14906638,426,74460,3.2,200,60000,1599
Masco,Keith J. Allman,4750833,427,61790,3.1,77,25000,355
MasterCard,Ajay Banga,13406041,3677,127625,3.6,105,11300,3808
Mattel,Bryan G. Stockton,9858591,428,100000,3,99,31000,369
McCormick & Company,Alan D. Wilson,10259802,1627,73512,3.6,140,10000,402
McDonald's,Donald Thompson,7288578,432,17620,3,414,420000,4529
McGraw Hill Financial,Douglas L. Peterson,6498116,433,108555,3.4,60,,
McKesson,John H. Hammergren,25919882,434,83491,3.2,310,68000,2258
Mead Johnson,Peter Kasper Jakobsen,8369158,13969,100267,3.3,83,7660,654
Medtronic,Omar Ishrak,12118846,436,96005,3.7,126,88000,3538
Merck,Kenneth C. Frazier,25029370,438,110183,3.2,227,68000,4442
MetLife,Steven A. Kandarian,15163802,2899,79045,3.2,192,69000,5310
Michael Kors,John D. Idol,13559220,20439,32000,3.4,424,12689,839
Microchip Technology,Steve Sanghi,5767310,2298,81124,3.7,71,9766,324
Micron Technology,D. Mark Durcan,11479108,1648,84743,3.4,135,31800,2899
Microsoft,Satya Nadella,84308755,1651,137000,3.8,615,118000,12193
Mohawk Industries,Jeffrey S. Lorberbaum,5005702,1644,60074,3.2,83,34100,615
Mondelez International,Irene Rosenfeld,21039946,628257,49225,3.1,427,99000,7267
Monsanto Company,Hugh Grant,13436483,11986,81680,3.8,165,22500,2314
Moody's,"Raymond W. McDaniel, Jr.",14099502,11303,103208,3.6,137,10752,184
Morgan Stanley,James P. Gorman,23270044,2282,98232,3.6,237,56218,6127
Mosaic Company (Minnesota),James T. Prokopanko,14820237,18767,70866,3.3,209,8900,1000
Motorola Solutions,Gregory Q. Brown,7969131,427189,108558,3.2,73,14000,610
Murphy Oil,Roger W. Jenkins,12778568,453,44929,3,284,1258,-2271
NASDAQ,Robert Greifeld,12083929,12152,131709,3.6,92,3824,428
National Oilwell Varco,Clay C. Williams,10863057,3306,64074,3.4,170,44326,-769
Navient,Jack Remondi,6613724,807453,62440,2.6,106,7300,997
NetApp,Thomas Georgens,8580575,5406,130033,3.5,66,10920,229
Netflix,Reed Hastings,11063926,11891,134721,3.6,82,3500,123
Newell Rubbermaid,Michael B. Polk,12351559,477,77724,3.1,159,17200,350
Newfield Exploration,Lee K. Boothby,6716841,2367,112337,3.1,60,1111,-3362
Newmont Mining,Gary J. Goldberg,9547404,479,110268,3.2,87,15600,220
News Corp,Robert J. Thomson,12466016,3493,78981,2.9,158,25000,-147
"NextEra Energy, Inc.",James L. Robo,12183296,221824,92554,3.1,132,13800,2752
Nielsen,Mitch Barns,6957892,3776,71646,3.6,97,,
NIKE,Mark G. Parker,16819730,1699,44073,4,382,62600,3273
NiSource,"Robert C. Skaggs, Jr.",8282039,460,66500,3.9,125,7596,287
Noble Energy,Charles D. Davidson,9490147,482,108907,2.8,87,2395,-2441
Nordstrom,Blake W. Nordstrom,3789239,1704,34738,3.6,109,72500,600
Norfolk Southern,"Charles W. Moorman, IV",13536017,483,65133,3.2,208,30456,1556
Northern Trust,Frederick H. Waddell,12435522,1710,67258,3.4,185,16300,974
Northrop Grumman,Wesley G. Bush,21795703,488,88147,3.5,247,65000,1990
NRG Energy,David Crane,10335269,11895,98500,3.5,105,10468,-6382
Nucor,John J. Ferriola,8941639,489,70469,3.4,127,23700,358
NVIDIA,Jen-Hsun Huang,6022630,7633,127317,3.9,47,9227,614
O'Reilly Auto Parts,Gregory L. Henslee,4465436,2328,29247,3.2,153,37879,931
Occidental Petroleum,Stephen I. Chazen,6792704,491,110465,3.3,61,11100,-7829
Omnicom,John D. Wren,24014697,1734,76493,3.9,314,74900,1094
ONEOK,Terry K. Spencer,4042922,490,74365,3.7,54,2364,245
Oracle,Lawrence J. Ellison,67261251,1737,117415,3.3,573,136000,8901
Owens-Illinois,Albert P. L. Stroucken,9042602,2129,72940,3.1,124,27000,135
PACCAR,Ronald E. Armstrong,6757823,1744,70669,2.8,96,23000,1604
Pacific Gas and Electric,"Anthony F. Earley, Jr.",11627216,15208,106819,3.6,109,23000,888
Pall,Lawrence D. Kingsley,9471578,974,88530,2.6,107,10400,364
Parker Hannifin,Donald E. Washkewicz,15005720,517,71827,3.2,209,54750,1012
Patterson Companies,Scott P. Anderson,2570509,1923,56997,3.4,45,7000,187
Paychex,Martin Mucci,6006823,1762,60285,3.6,100,13400,675
Pentair,Randall J. Hogan,14836702,1767,82097,2.9,181,,
People's United Bank,John P. Barnes,3698121,199620,35000,2.9,106,4652,260
Pepco Holdings,Joseph M. Rigby,7227146,543,83510,3.2,87,5184,327
PepsiCo,Indra K. Nooyi,22485574,522,61876,3.5,363,263000,5452
PerkinElmer,Robert F. Friel,8934070,218,89848,2.4,99,8000,212
Perrigo,Joseph C. Papa,18945540,2133,61967,3.4,306,,
Pfizer,Ian C. Read,23283048,525,114526,3.7,203,97900,6959
Phillips 66,Greg C. Garland,24508433,498821,92065,3.8,266,14000,4227
Pitney Bowes,Marc B. Lautenbach,6966360,535,70647,3.2,99,14800,408
PNC Financial Services Group,William S. Demchak,11337904,507,42489,3.3,267,49148,4106
Polo Ralph Lauren,Ralph Lauren,24537936,2937,47452,3.3,517,15000,396
PPG,Charles E. Bunch,21628081,508,60895,3.1,355,46600,1406
Praxair,Stephen F. Angel,19687401,2207,80576,3.1,244,26657,1547
Precision Castparts,Mark Donegan,9699876,1798,71460,2.9,136,30106,1530
Priceline.com,Darren Huston,21966094,9005,90187,4,244,15500,2551
Principal Financial Group,Larry D. Zimpleman,16919388,2941,67868,3.9,249,14895,1234
Procter & Gamble,Alan George Lafley,19504353,544,102590,3.9,190,110000,7036
Progressive Insurance,Glenn M. Renwick,9841581,546,51934,3.6,190,28580,1268
Prologis,Hamid R. Moghadam,16514721,2631,75244,3.7,219,1555,869
Prudential,John Robert Strangfeld,37483092,2944,72771,3.5,515,49384,5642
PSEG,"Ralph Izzo, Ph.D.",11014644,16719,93008,3.2,118,13025,1679
Public Storage,"Ronald L. Havner, Jr.",9009200,626,26027,3.1,346,5300,1311
Pulte Homes,"Richard J. Dugas, Jr.",7723041,506,69027,3.6,112,4542,494
PVH Corp.,Emanuel Chirico,13026532,530,45641,3.5,285,18200,572
Qualcomm,Steven M. Mollenkopf,60740592,640,121249,3.7,501,33000,5271
Quest Diagnostics,"Stephen H. Rusckowski	",9266835,6655,55828,2.8,166,44000,709
Raytheon,Thomas A. Kennedy,13733364,561,89057,3.4,154,61000,2074
Red Hat,James M. Whitehurst,6692552,8868,115693,4,58,8800,199
Regeneron Pharmaceuticals,Leonard S. Schleifer,41965424,981,79332,3.8,529,4300,636
Regions Financial,"O. B. Grayson Hall, Jr.",14421247,1397,37683,3.5,383,23916,1062
Republic Services,Donald W. Slager,5705379,8328,62208,2.9,92,33000,750
Reynolds American,Susan M. Cameron,10751553,7736,63906,3.4,168,5600,3253
Robert Half,"Harold M. Messmer, Jr.",8292876,1838,56788,3.2,146,16100,358
Rockwell Automation,Keith D. Nosbusch,8473582,567,83739,3.7,101,22500,828
Rockwell Collins,Robert K. Ortberg,5828786,13435,81536,3.5,71,19500,686
Ross Stores,Barbara Rentler,12083834,1843,19120,2.8,632,77800,1021
Royal Caribbean Cruises,Richard D. Fain,12013878,3579,68146,3.6,176,65900,666
Ryder System,Robert E. Sanchez,5654252,575,55702,3.1,102,33100,305
Salesforce,Marc Benioff,31333332,11159,151512,3.9,207,19000,-47
SanDisk,Sanjay Mehrotra,11498963,4479,130000,3.2,88,8790,388
SCANA,Kevin B. Marsh,5710448,577,71079,3.5,80,5829,746
Schlumberger,Paal Kibsgaard,18518374,588,94443,3.5,196,95000,2072
Scripps Networks Interactive,Kenneth W. Lowe,11838015,38201,77074,3.5,154,3500,607
Seagate Technology,Stephen J. Luczo,2615517,1864,108939,3.6,24,52350,1742
Sealed Air Corporation,Jerome A. Peribere,11963159,590,81340,3.1,147,23000,335
Sempra Energy,Debra L. Reed,16893225,8437,80833,3.9,209,17387,1350
Sherwin-Williams,Christopher M. Connor,10896734,599,45263,3.6,241,40706,1054
Sigma-Aldrich,Rakesh Sachdev,5630524,1878,66000,3,85,9800,500
Simon Property Group,David Simon,14739246,2458,37660,2.9,391,3150,1828
Skyworks Solutions,David J. Aldrich,6912623,762,101842,3.8,68,6700,798
Snap-on,Nicholas T. Pinchuk,9540993,604,72194,3.3,132,11500,479
Southern Company,Thomas A. Fanning,11515993,607,81536,3.6,141,26703,496
Southwest Airlines,Gary C. Kelly,5002785,611,52888,4.1,95,50911,2181
Southwestern Energy,Steven L. Mueller,11453881,614,94986,3.4,121,2597,-4556
St. Jude Medical,Daniel J. Starks,10171096,1903,95755,2.9,106,18000,880
Stanley Black & Decker,John F. Lundgren,13137482,350350,69714,3.2,188,51250,884
Staples,Ronald L. Sargent,12391537,1909,25407,3,488,42554,379
Starbucks,Howard D. Schultz,21466454,2202,32080,3.8,669,238000,2757
Starwood Hotels & Resorts,Frits van Paasschen,12001943,335,44535,3.5,269,188000,489
State Street,Joseph L. Hooley,18842196,1911,50921,2.9,370,32527,1980
Stericycle,Charles A. Alutto,3635560,6009,46967,2.8,77,25472,267
Stryker,Kevin A. Lobo,9120147,1918,79045,3.9,115,27000,1439
SunTrust,"William Henry Rogers, Jr.",9190668,631,44562,2.8,206,24043,1933
Symantec,Michael Brown,376364,1931,124474,3.3,3,11000,2488
Sysco,"William J. DeLaney, III",7815394,634,60000,3.1,130,51700,687
T. Rowe Price,"James Aloysius Charles Kennedy, CFA",8902148,3583,51765,3.5,172,6061,1223
Target,Brian C. Cornell,28164024,194,30000,3.2,939,341000,3363
TE Connectivity,Thomas J. Lynch,11616982,18055,84792,3.3,137,72000,2420
Tenet Healthcare,Trevor Fetter,17950107,466,69714,3,257,103665,-140
Teradata,Michael F. Koehler,6448133,14638,117352,3.4,55,11300,-214
Tesoro Corporation,Gregory J. Goff,20855549,648,79015,3.5,264,6000,1540
Texas Instruments,Richard K. Templeton,15043694,651,106878,3.8,141,29977,2986
Textron,Scott C. Donnelly,13590693,654,76537,3.3,178,35000,697
The Hartford,Christopher Swift,5392784,4314,61985,3.3,87,17400,1682
The Hershey Company,John P. Bilbrey,17777401,326,55092,3.7,323,19060,513
The Home Depot,Francis S. Blake,9858833,655,25507,3.3,387,385000,7009
The J. M. Smucker Company,Richard K. Smucker,4886995,362,69428,3.8,70,6910,689
Thermo Fisher Scientific,Marc N. Casper,17446957,658,79898,3.2,218,52000,1975
Tiffany & Co.,Michael J. Kowalski,8101758,663,61260,2.9,132,12200,464
Time Warner,Jeffrey L. Bewkes,32903139,12777,87916,3.6,374,24800,3833
Time Warner Cable,Robert D. Marcus,34615597,13229,55006,3.3,629,56600,1844
TJX Companies,Carol Meyrowitz,22514033,639,44922,3.3,501,216000,2278
Tractor Supply,Gregory A. Sandfort,4695342,2602,36000,3.1,130,12000,410
Transocean,Steven L. Newman,14248615,33,89279,3.1,160,9100,791
Travelers Companies,Jay S. Fishman,20435381,1904,67360,3.5,303,30900,3439
TripAdvisor,Stephen Kaufer,1207960,15276,102100,3.3,12,3108,198
TSYS,Phillip W. Tomlinson,5440198,671,67304,3.2,81,1074,-2
Tyco,George R. Oliver,8998307,681,77724,2.7,116,,
Tyson Foods,Donnie Smith,12173164,1975,50145,3.5,243,113000,1220
U.S. Bank,Richard K. Davis,19373076,8937,43525,3.3,445,65433,5879
Under Armour,Kevin A. Plank,3556190,15422,36130,3.6,98,5800,233
Union Pacific,John J. Koraleski,28144047,691,73351,3.5,384,43655,4772
United Rentals,Michael J. Kneeland,8402819,7395,61105,3.5,138,12700,585
United Technologies,Louis R. Chenevert,27107982,697,85863,3.3,316,197000,7608
UnitedHealth Group,Stephen J. Hemsley,14856321,1991,67000,2.9,222,200000,5813
Universal Health Services,Alan B. Miller,18425575,2001,50865,2.9,362,72600,681
Unum Group,Thomas R. Watjen,13314589,9522,62254,3.6,214,9400,867
UPS,D. Scott Davis,16994449,3012,31880,3.5,533,266000,4844
Urban Outfitters,Richard A. Hayne,68487,2372,19898,3.3,3.4,9360,224
Valero Energy,Joseph W. Gorder,16056949,704,77158,3.7,208,10103,3990
Varian Medical Systems,Dow R. Wilson,6443998,9111,94427,3.5,68,7300,411
Verisign,D. James Bidzos,7652865,7492,132475,3.9,58,1019,375
Verizon,Lowell C. McAdam,18306509,89,88062,3.3,208,173300,17879
Vertex Pharmaceuticals,Jeffrey M. Leiden,36635468,2080,123840,3.7,296,1950,-556
VF,Eric C. Wiseman,17832902,703,61128,3.6,292,64000,1232
Viacom,Philippe P. Dauman,44334858,40260,82094,3.6,540,9200,1922
Visa Inc.,Charles W. Scharf,7692113,3035,154171,3,50,11300,6328
W.W. Grainger,James T. Ryan,7711460,711,66365,3.4,116,24400,769
Walgreens,Gregory D. Wasson,16732555,716,30980,2.9,540,,
Walmart,C. Douglas McMillon,25592938,715,22591,3,1133,2300000,14694
Walt Disney Co.,Robert A. Iger,46497018,717,79211,3.8,587,185000,8382
Waste Management,David P. Steiner,10770856,2094,60613,2.9,178,40600,753
Waters,Douglas A. Berthiaume,1504903,5431,92272,3.5,16,6600,469
Wells Fargo,John G. Stumpf,21426391,8876,44265,3.3,484,268600,22894
Western Digital,Stephen D. Milligan,11290562,1067,107750,3.3,105,76449,1465
Western Union,Hikmet Ersek,8241800,14655,102595,3.1,80,10000,838
Weyerhaeuser,Doyle R. Simons,8144434,730,82674,3.2,99,12600,506
Whirlpool,Jeff M. Fettig,17544567,732,86000,3.6,204,97000,783
Whole Foods Market,"Walter E. Robb, III",2742520,422,26000,3.6,105,61700,536
Williams,Alan S. Armstrong,11604615,736,85507,3.9,136,6578,-571
Wyndham Worldwide,Stephen P. Holmes,14111891,40166,58000,3.4,243,37700,612
Wynn Resorts,Stephen A. Wynn,25322854,15096,50961,3.5,497,20800,195
Xcel Energy,Ben Fowke,12870477,487,78760,3.2,163,11601,984
Xerox,Ursula M. Burns,22205362,747,69307,2.5,320,135300,474
Xilinx,Moshe N. Gavrielov,6471480,2063,141448,3.4,46,3458,551
XL Group,Michael S. McGavick,11734396,5891,102013,3.6,115,7200,1207
Xylem,Patrick K. Decker,8227869,494852,74974,2.9,110,12700,340
Yahoo,Marissa A. Mayer,42083508,5807,137011,3.5,307,10400,-4359
Yum!,David C. Novak,10007287,6995,104443,3.4,96,505000,1293
Zions Bancorporation,Harris H. Simmons,2500822,2053,68400,3.5,37,9937,309
Zoetis,Juan Ramn Alaix,7636726,680848,114000,3.1,67,9000,339